{"validation_mean": 62.94550374159726, "validation_std": 16.124956798524604, "_runtime": 39, "_timestamp": 1621434731, "_step": 0}