{"validation_mean": 45.33885765019236, "validation_std": 24.486838545060554, "_runtime": 38, "_timestamp": 1621434622, "_step": 0}