{"validation_mean": 63.40421933792753, "validation_std": 16.21966222513654, "_runtime": 38, "_timestamp": 1621434668, "_step": 0}