{"validation_mean": 47.211558787468825, "validation_std": 26.455905848062184, "_runtime": 38, "_timestamp": 1621434575, "_step": 0}